passhit.com,1,1,1
philly4animals.com,1,1,1
pctechworksinc.com,1,1,1
panamacityhomes4sale.com,1,1,1
parkourmoldova.com,2,2,1
orgzdh.com,0,0,3
otudou.com,0,0,3
oroszlanyforum.com,1,1,1
onuts.net,1,1,1
ouizuewe.com,5,5,1
onlaine.net,1,1,1
onlineshoppakistan.net,1,1,1
oupaicp.com,0,0,2
ospajourney.com,0,0,3
omarsalvosa.com,1,1,1
oumeihunyin.com,4,4,3
onemusiccentre.com,0,0,2
orw77.net,6,6,1
oklmw.com,31,10,1
paixm.com,0,0,2
nszjsc.com,1,1,1
ociohoy.com,1,1,1
oizouidus.com,2,2,1
nurserecruiterlosangeles.com,1,1,1
nulchk.com,1,1,1
nzgsc.com,0,0,2
nyxrwk.com,45,10,1
oximeters.net,1,1,1
paciwater.net,3,3,1
northstargeoseekers.com,1,1,1
nybj123.com,0,0,3
nxwst.com,0,0,2
nnycys.com,45,10,1
paliedu.com,1,1,1
paoden.com,8,8,1
ntjcysc.com,0,0,2
njlwwy.com,0,0,3
ningruidong.com,82,10,1
niuzaifan.com,1,1,1
nikeathleticshoes.com,0,0,4
nice16.com,77,10,1
ningyuanmx.com,7,7,1
ninjamarketingsecrets.com,1,1,1
newyear2015wallpapers.com,1,1,1
net27.com,2,2,1
nbabl.com,0,0,2
mytenderlove.com,0,0,2
newwestmassage.com,3,3,1
newrich001.com,0,0,2
newstay.net,1,1,1
nicoleanistonspot.com,0,0,2
nbboyang.com,0,0,2
ncjyscc.com,45,10,1
ngtianwei.com,0,0,2
nbhfcql.com,157,10,2
nanchongsjzt.com,33,10,1
nx6868.com,1,1,4
myspzone.com,0,0,3
nailslabellesalon.com,1,1,1
nanhuaweiye.com,0,0,3
nakisaki.com,2,2,1
njwxs.com,0,0,2
njallspring.com,1,1,1
naturalremediationllc.com,1,1,1
nmchunse.com,0,0,3
mscinsdug.com,1,1,1
myvotre.com,1,1,1
newyio.com,1,1,1
nequam.net,1,1,1
ncqckyz.com,0,0,3
mxkjedu.com,2,2,1
my007ks.com,4,4,1
nbzsh.com,0,0,2
moviezfire.com,1,1,1
mynyi.com,2,2,1
nitaogo.com,6,6,1
moonsgirl.net,1,1,1
net866.com,0,0,2
monsteam.com,1,1,1
mybankruptcytips.com,1,1,1
mmthe.com,1,1,1
mobilebankingweek.com,1,1,1
mobileapples.com,0,0,2
miyagirl.com,760,10,1
mjuespa.com,13,10,1
mjhuayuan.com,56,10,1
moblietvshows.net,1,1,1
mlem88.com,2,2,1
misterqdetailing.com,2,2,1
mjymc.com,19,10,1
minlilicence.com,0,0,2
moshunxuan.com,0,0,3
mobilebankingtimes.com,1,1,1
moondiii.com,1,1,1
njxqqj.com,0,0,2
mftevent.com,1,1,1
meyuki.com,2,2,1
mengxzd.com,337,10,1
melissamaklanzimberg.com,1,1,1
missconsciousbeauty.com,13,10,1
milatinowireless.com,1,1,1
mmhtf.com,2,2,3
milifog.com,1,1,1
mitiegroups.com,1,1,1
mivou.com,0,0,2
misscherrypips.com,1,1,1
mintwoodbooks.com,1,1,1
microccenter.com,1,1,1
microcneter.com,1,1,1
mgjusha.com,1,1,1
mianyangyou.com,0,0,3
meroserofero.com,1,1,1
mcfhispanicproductions.com,1,1,1
meibile.net,359,10,1
nultoken.com,3,3,1
mccorkleportfolio.com,1,1,1
megabytehosting.com,0,0,3
mazalico.com,1,1,1
mercureshotels.com,1,1,4
massatv.com,1,1,1
marmorluce.com,1,1,1
marnamai.com,1,1,1
michellegildernew.com,1,1,1
meyxanasou.com,1,1,1
maturesinfideles.com,0,0,2
minglangyanjing.com,1,1,1
manelvilla.com,1,1,1
mathisfield.com,0,0,2
maoyue.net,14,10,1
mainpointchina.com,0,0,2
meetpast.com,1,1,1
mamalava.com,1,1,1
majalahkarisma.com,1,1,1
me185.com,0,0,2
madautrement.com,1,1,1
lvshuhx.com,0,0,3
lzqhg.com,159,10,1
lzsyh.com,0,0,3
lytuzhuang.com,0,0,3
lxqmztg.com,1,1,1
lyfanjiang.com,12,10,1
lvtebaishipin.net,173,10,1
lvchengzx.com,1,1,4
lznhkt.com,11,10,1
lx661999d.com,2,2,1
lzaxsc.com,1,1,1
luoyangxinxing.com,45,10,1
medqxcn.com,0,0,3
lygpydc.com,6,6,1
mamoustache.com,1,1,1
lutadeumconcurseiro.com,1,1,1
lsdautos.com,1,1,1
ltumblr.com,1,1,1
lsbaota.com,4,4,1
lsgjysp.com,0,0,2
maiche668.com,3,3,1
lujinkeji.com,4,4,1
mingrifushi.com,0,0,4
luxurysocialclub.com,1,1,1
lyckytc.com,40,10,1
lydfyh.com,1,1,1
ljyyc.com,0,0,3
linbinhan.com,1,1,1
liiiyiii.com,0,0,2
liuliangxia.com,14,10,1
lylbbj.com,1,1,1
mynameismahir.com,1,1,1
licate.com,0,0,2
liangxingroup.com,0,0,2
littlemastercricket.com,0,0,2
lendeth.com,1,1,1
lovedmw.com,1,1,1
lbi4u.com,1,1,1
ludking.com,0,0,3
lightshipconsulting.com,2,2,1
ledwulf.com,1,1,1
leezisem.com,83,10,1
leidaparking.com,12,10,1
levelupirl.com,1,1,1
lumengjt.com,56,10,1
lnjygm.com,1,1,1
liuyingsh.com,170,10,1
litianfangchan.com,0,0,3
linkeyz.com,1,1,1
maotaizt.com,17,10,1
lyzpht.com,1,1,1
lfxinye.com,1,1,1
levelgenetics.com,1,1,1
leiji1983.com,1,1,1
lexiscan.net,1,1,1
liuhuayiyuan.com,4,4,3
lfcbootroom.net,0,0,2
lishu263.com,1,1,3
laynagiselle.com,1,1,1
lhvtc.net,1,1,1
lcwzgg.com,0,0,4
lcfsgg.com,71,10,1
loonyee.com,0,0,3
latenightbabes.com,1,1,1
ldbeta.com,1,1,1
lcjjsc.com,5,5,1
labhzs.com,3,3,3
labelmaven.com,1,1,1
ldcyj.com,19,10,1
lanrentv.com,1,1,1
kunshanpharm.com,0,0,2
kuanghuasuan.com,1,1,1
korearenjuan.com,5,5,1
lanhaijys.com,54,10,1
lcfbdq.com,1,1,1
kqcjg.com,1,1,1
klyuever.com,37,10,1
landofpromiseimports.com,1,1,1
kmhpc.com,1,1,1
kitool.net,0,0,2
kjgood.com,1,1,1
kingsav.com,0,0,3
kitabcom.com,1,1,1
kfsofsy.com,0,0,2
kfqqboboojir.com,1,1,1
lajichuliji.com,1,1,1
kdrhgj.com,1,1,1
kelcoleisureproducts.com,1,1,1
kexuekangai.com,0,0,2
kellyclinger.com,2,2,1
jxflks.com,1,1,1
jxheibao.com,0,0,2
jxqianhustateguesthouse.com,0,0,2
kaiyazhiyangji.com,1,1,3
laurenejohnson.com,1,1,1
jzyqt.com,21,10,1
junkremovalannapolismd.com,1,1,1
kanjinan.com,2,2,1
junruiyurong.com,20,10,1
jukepix.com,1,1,1
keerqinfeiniu.com,14,10,1
jujin888.com,18,10,1
jyx8899.com,10,10,1
khoobsoorathi.com,2,2,1
jyszkj.com,0,0,2
jysweeper.com,9,9,1
kmymy.com,0,0,2
kfxkny.com,9,9,1
jyesch.com,9,9,1
keaiby.com,17,10,1
laobingwuzihuishou.com,5,5,1
kadinname.com,0,0,4
kangnuoshipin.com,2,0,2
jswxbenelli.com,1,1,1
kqlbj.com,2,2,1
kangmingrui.com,6,6,1
kaidazhongxing.com,1,1,1
jxmwaf.com,1,1,1
jugarvestir.com,0,0,2
juanwy.com,0,0,2
jobscheckin.com,1,1,1
juchengguoji.com,78,10,1
jmjdmx.com,10,10,1
kaoshizhuanjia.com,6,6,1
kaixinwanggou0328.com,2,2,1
jobfsk.com,0,0,2
jjgarment.net,0,0,2
jlszly.com,1,1,1
jinhuayulew.com,2,2,1
jingzhoutuan.com,0,0,2
jingshengmodel.com,12,10,3
jiuliflooring.com,13,10,1
jinhuaguolv.com,0,0,2
jnhlzy.com,9,9,1
kdmassage.com,9,9,3
jmzsc.com,0,0,3
jmsexmzj.com,0,0,2
jjrbsw.com,1,1,1
jinwuxiu.com,1,1,1
jntjdz.com,0,0,3
jinsongquanshe.com,2,2,1
jhqianfeng.com,0,0,2
jinzeen.com,55,10,1
jinshuruanguan.com,1,1,2
jicsteph.net,1,1,1
jindejixiechina.com,45,10,1
jianhuyy.com,0,0,3
jiangchengtuan.com,246,10,3
jgcmwl.com,1,1,1
jianyingjie.com,2,2,1
jndnkj666.com,0,0,4
jinanshangrui.com,0,0,2
jiteng88.com,0,0,3
jlgxpg.com,1,1,1
jobs50.com,1,1,1
jiaoyubaidu.com,0,0,2
kopersouk.com,1,1,1
jntianmu.com,0,0,3
jnhqd.com,0,0,2
jnhxtest.net,2,2,1
jnhanli.com,2,2,1
jmposuiji.com,0,0,3
kftxw.com,63,10,1
jnhbd.net,3,3,1
jiajiayake.com,8,8,1
jsruisheng.com,0,0,2
itinche.com,1,1,1
jhcslw.com,30,10,1
judongditan.com,0,0,2
itianyou.com,5,5,1
jfeizg.com,2,2,1
jmklj.com,127,10,1
jbhfood.com,2,2,1
iphone0871.com,0,0,2
kangyizhaoming.com,1,1,1
isunny8090.com,18,10,1
isastralprojectionreal.com,1,1,1
inleshingprinting.com,2,2,1
istudio69.com,1,1,2
jobjap.com,0,0,2
jdlled.com,0,0,2
jindaoyule.net,1,1,1
innovativegiclee.com,1,1,1
infinityflashgames.com,0,0,3
in021.com,2,2,1
jingchuancy.com,9,9,1
inspirationalfutures.com,1,1,1
jieyuanshiye.com,47,10,1
inkqbus.com,1,1,1
ilvcho.com,1,1,1
jfw888.com,0,0,3
imjhzj.com,0,0,3
immerseh2o.com,1,1,1
ivndh.com,1,1,1
jackdittymd.com,0,0,2
ikang100.com,0,0,4
immertv.com,1,1,1
jiayingfilm.com,0,0,2
imperialheightshealth.com,2,2,1
jccjtouzhu.com,1,1,1
imprimerieboreletferaud.net,1,1,1
icqwg.com,1,1,1
ielts7dujie.com,1,1,1
ibeautybible.com,348,10,1
hznaga.com,2,2,1
hznengfa.com,1,1,1
hxjx0510.com,10,10,1
hzdgmjy.com,0,0,2
i1music.net,1,1,1
hzhaiding.com,0,0,2
hyxty.com,1,1,1
hyook.com,1,1,1
hxzzhyw.com,15,10,1
jerrysmarineboats.com,1,1,1
jinpincm.com,1,1,1
hyjia.net,8,8,1
internalpaving.com,1,1,1
huijiasz.com,0,0,2
huimeizhipin.com,32,10,1
huanbear.com,1,1,1
huachuan3.com,87,10,2
humanitaria.net,1,1,1
huadechongcao.com,1,1,1
htnmfm.com,0,0,2
huapengboli.com,3,3,1
huishou19.com,2,2,1
hsyggs.com,0,0,3
hqlg58.com,3,3,1
hszxx.net,0,0,2
huamosy.com,4,4,1
hsudii.com,717,10,1
iadmaster.com,2,2,1
htydzy.com,0,0,3
hsddts.com,0,0,3
hubogjyl.com,3,3,1
hlkjgf.com,27,10,1
hylg27.com,1,1,1
homeschoolsingles.com,1,1,1
houseofhellohk.net,1,1,1
hzxkfm.com,0,0,4
hzaila.com,0,0,2
hongyangcn.com,0,0,2
hzggood.com,1,1,1
hohlsteinconstruction.com,1,1,1
huizhianda.com,6,6,1
huiyingqiguan.com,5,5,1
hillow.net,1,1,1
hx373.com,0,0,3
huaxiangshimu.com,2,2,1
hongganghk.com,9,9,1
hs6868.com,0,0,3
hqboligang.com,0,0,2
hggjylptgw.com,1,1,1
hrtoworld.com,0,0,2
hnhjbl.com,0,0,2
hnxtgd.com,17,10,1
hkfcxp.com,1,1,1
hefeishijue.com,1,1,1
hnvenda.com,15,10,1
hfxwbj.com,0,0,2
hnswxqx.com,1,1,1
hjg6611.com,0,0,3
hkzuobiao.com,0,0,3
hnpho.com,88,10,1
hnmmdc.com,1,1,1
hingfatkee.com,1,1,1
heavydutytripods.com,1,1,1
hi029.com,1,1,1
hengtaijc.com,0,0,3
herencn.com,6,6,1
hengchina.com,2,2,1
huniuhan.com,3,3,1
hbtjsg.com,8,8,1
hd0523.com,5,5,1
honglidk.com,0,0,2
huasukaisc.com,5,5,1
hcebook.com,0,0,2
hcxen.com,1,1,1
hbtpxny.com,8,8,1
helijh.com,12,10,1
hbyljgj.com,365,10,1
hengtaishukong.com,7,7,3
hdjsty.com,2,2,1
hfnxgc.com,1,1,1
ideayiwu.com,1,1,3
hdsjzx.com,0,0,3
hnxdzs.com,1,1,1
haustor.com,1,1,1
heguji.com,12,10,1
hlgylcc.com,2,2,1
hbhsyutongguanye.com,0,0,3
hbchengbang.com,2,2,1
hntvba.com,3,3,1
henandonghai.com,2,2,1
hanpindu.com,0,0,3
haoyuanma.net,443,10,1
inquiree.net,1,1,1
hblyhxjx.com,0,0,2
hemeiyaoye.com,0,0,3
heyfrom.net,1,1,1
hcxnykf.com,29,10,1
haemobility.com,1,1,1
hanyapx.com,0,0,4
hbjlzyc.com,760,10,4
hollywooddermapeel.com,1,1,1
gzypyldesign.com,4,4,1
he7668.com,2,2,1
gzwerun.com,0,0,3
hackege.com,3,3,1
gzjhyyjz.com,31,10,1
gzcst.com,0,0,3
gzddx.net,25,10,1
gzdzhrss.com,0,0,3
hbtslc.com,3,3,1
gzhylbj.com,0,0,3
haianhx.com,29,10,1
gzzhiwei.com,0,0,2
gycygs.com,0,0,3
hbqyzc.com,0,0,2
hbtsssd.com,67,10,1
holdvps.com,1,1,1
gzmeifayongpin.com,1,1,1
hack163.com,1,1,1
guomoshuhua.com,1,1,1
gzzj120.com,159,10,4
guitouyan99.com,0,0,3
guilongseo.com,50,10,1
gshutong.com,0,0,2
grwhsl.com,1,1,1
hbdongyi.com,2,2,1
hfwashing.com,15,10,1
hongkeshebei.com,2,2,1
haodbike.com,1,1,1
hjjmgw.com,1,1,3
grapfx.com,1,1,1
hdfdjsb.com,6,6,1
gxgfsnz.com,22,10,1
gztystj.com,2,2,1
gzdzbwbc.com,0,0,3
gyhkty.com,31,10,1
gzhongmeijia.com,7,7,1
gzjhxd.com,3,3,1
hyzg999.com,0,0,2
gowrishsir.com,1,1,1
glchengye.com,0,0,2
glcfny.com,1,1,1
gsjtjx.com,5,5,2
gyydtz.com,1,1,1
grrbsw.com,3,3,1
gzfxsm.com,21,10,1
gzdingzhu.com,195,10,1
haiyanfz.com,1,1,1
gmhtv.com,26,10,3
globaldispatch.net,3,3,1
glyunshequ.com,1,1,1
gzcjec.com,2,2,1
giannibommarito.com,1,1,1
hbyhjzjx.com,2,2,1
girlbaobao.com,0,0,2
ghactl.com,11,10,1
gramers.net,1,0,1
geruilengye.com,1,1,1
gbi1984.com,1,1,1
georgemudie.com,1,1,1
godgayporn.com,1,1,1
gao312.com,1,1,1
gdmhj666.com,0,0,2
gdzwkj.com,0,0,3
gadjabit.com,1,1,1
gangjie365.com,6,6,1
fzmlhc.com,1,1,2
gennsports1.com,1,1,1
fvanjewelry.com,1,1,1
futanarihentaiporn.com,1,1,1
fudongwuzi.com,0,0,4
fuckqidian.com,1,1,1
fuhepack.com,0,0,2
gdyinghong.com,0,0,2
fxxfw.com,22,10,1
freehdvideogames.com,1,1,1
fubako.net,1,1,1
goliduo.com,0,0,3
fsxifuhui.com,0,0,2
gallinula.com,1,1,1
fqddpx.com,1,1,2
foxzcon.com,0,0,2
geminisky.net,1,1,1
furniturebm.com,3,3,1
futeboltop.com,0,0,2
foevo.com,4,4,1
flippingmiamidade.com,1,1,1
fjbyts.com,1,1,2
fish91.com,15,0,1
gaoxingwen.com,1,1,1
gaxifulai.com,51,10,1
fjshhyy.com,3,3,1
feishengcs.com,1,1,1
feilvbinxianshangyule.com,1,1,1
fibbow.com,0,0,2
findr.net,4,4,1
fydati.com,1,1,1
feiyueshijie.com,16,10,1
fifthbee.com,1,1,3
fectpublish.com,1,1,3
flippingtricks.com,1,1,1
fhd999.com,5,5,1
flippingjob.com,1,1,1
fastcashloansonlinedirectly.com,1,1,1
fjmjedu.com,53,10,1
fasingcnc.com,0,0,3
floorsgurgaon.com,1,1,1
farskids319.com,1,1,1
extremesexclub.com,0,0,3
fengzicuo.com,0,0,2
exclamburger.com,1,1,1
fanke528.com,0,0,3
fiftiesdiner.net,1,1,1
falv124.com,0,0,2
fsdfibre.com,1,1,1
ftuan001.com,0,0,2
fdqzzx.com,0,0,3
freeclub58.com,11,10,1
esfyf.com,1,1,1
ezerratchaga.com,1,1,1
erk45g.com,1,1,1
escortsnews.com,6,6,1
entityspaces.net,0,0,3
eventhotline.com,2,2,1
evoges.net,1,1,1
epeixun.net,1,1,1
fcp365.com,5,5,1
endysisgroup.com,0,0,2
engine4pr.net,1,1,1
eskuko.com,1,1,1
engjoyyy.com,1,1,1
escxt.com,2,2,1
electiondatabase.com,1,1,1
eit168.com,13,10,1
eduitaly.com,0,0,2
edp100.com,7,7,1
econairsupply.com,9,9,1
ecolorspace.com,32,10,1
englishapplications.com,1,1,1
dzllzl.com,19,10,1
dzhmfhj.com,19,10,2
dyzhcg.com,44,10,1
dx0951.com,1,1,1
erkl5g.com,1,1,1
dujiahuiyi.com,0,0,2
drlaubandassociates.com,1,1,1
egoutv.com,2,2,1
dunktags.com,1,1,1
droidbiketours.com,0,0,2
elibole.com,0,0,4
entenrennen.net,1,1,1
duodouguo.net,1,1,1
fangdichanlvshi.com,2,2,1
dpsc63.com,4,4,1
dongfhcyl.com,3,3,1
dx0531.com,205,10,2
dongdaoqimo.com,1,1,1
edsmith4congress.com,1,1,1
dllq55.com,0,0,2
dlxrcg.com,18,10,1
dizimuzik.net,1,1,1
dl3927.com,274,10,3
diymobi.com,1,1,1
feelgreatpills.com,1,1,1
disfrutatuvino.com,1,1,1
dssport.net,0,0,2
fangzst.com,1,1,1
dzhydq88.com,0,0,2
ealsun.com,0,0,3
dssmafia.com,1,1,1
diannaozhouyi.com,0,0,3
dgjintailai.com,0,0,2
drgooddeal.com,1,1,1
dflyl.com,1,1,1
dijia800.com,269,10,1
dgyuyidz.com,42,10,1
dkcmsz.com,10,10,1
dgycjy.com,2,2,1
dgradar.com,0,0,2
dermarejuv.com,1,1,1
dgsyiyi.com,0,0,2
denahm.com,1,1,1
dejinguoji.com,1,1,1
decerning.com,1,1,1
didafan.com,1,1,1
douduoguo.net,1,1,1
dirtyxxxslags.com,0,0,2
dblcl.com,0,0,2
doolakomtv.com,2,2,1
dlwndj.com,3,3,1
desiparty.net,1,1,1
dbsbxw.com,3,3,2
dageliu.com,1,1,1
ddmg123.com,57,10,1
cyphrenet.com,1,1,1
daxingsheying.com,760,9,3
daifawailian.com,0,0,5
czjxfz.com,1,1,1
cztfxtx.com,2,2,1
daiguawang.com,0,0,2
czgzzc.com,126,10,1
cznvhz.com,10,10,1
dd399.com,1,1,3
dayulc.com,0,0,2
debaiwuliu.com,0,0,3
cslsm.com,0,0,2
ddz2.com,1,1,1
dealsbykim.com,1,1,1
daigouxiu.com,1,1,1
cs5201314.com,1,1,1
dasuw.com,760,10,1
csdaq.net,0,0,2
cswafflesfamilyrestaurant.com,1,1,1
cronosbro.com,2,2,1
crovliaipotomtenn500.com,1,1,1
df185.com,0,0,2
dfhxdmp.com,7,7,1
cqjxsl.com,1,1,1
cqhuayan.com,0,0,2
dongfubenke.com,3,3,1
ddjiale.com,14,10,1
cqmsfz.com,0,0,2
couponsformouthwash.com,1,1,1
czxgcl.com,0,0,2
cqjianghua.com,29,10,1
czjhgg.com,1,1,1
dbydyp.com,0,0,3
czjdcg.com,9,9,1
continualmovement.com,1,1,1
cqwzhy.com,18,10,3
cqlingan.com,2,2,1
dawjgjyl.com,1,1,1
czbaohang.com,5,5,1
comchezvous.com,1,1,1
cnyxgc.com,0,0,2
czwantou.com,0,0,4
cnzsa.com,0,0,2
craagle.net,1,1,1
cnlongnan.com,0,0,2
cnhjdp.com,0,0,3
clothshoppings.com,4,0,1
climatisationautomobile.com,1,1,1
csatks.com,6,6,1
ciguanghc.com,172,10,1
city531.com,1,1,1
citschina.com,0,0,3
cjjcnltz.com,1,1,1
cjjcnalimai.com,1,1,1
chineserose.net,0,0,3
chinaxxw.net,0,0,2
cndatasos.com,14,10,3
chinashukong.com,9,9,2
chieuphimhd.net,1,1,1
chinabxr.com,1,1,1
chinashenshou.com,1,1,1
chinalanbei.com,1,1,3
chinaikea.com,0,0,2
chinavaccum.com,5,5,1
cheapfashionbags.com,516,9,1
chibawangcan.com,1,1,1
cloudholic.com,1,1,1
conspiracythisweek.com,1,1,1
chinabaojiali.com,1,1,1
chaoshentongwanju.com,6,6,1
dealingcoupon.com,1,1,1
chengdufapiaodaikai.com,2,2,1
chaussurenikehyperrev2015.com,1,1,1
chengdongjian.com,0,0,2
clippersafe.net,2,2,1
chanpinji.com,1,1,1
chenxiang2014.com,1,1,1
cfjakj.com,2,2,1
cerrajeriaferroarte.com,1,1,1
chaojixiaobu.com,13,10,1
computerrepairwilmslow.com,1,1,1
cdyinghe.com,0,0,2
celinejpoutlet.com,1,1,1
costaricasuenos.com,1,0,1
cdbaiqiang.com,8,8,1
cdcmtj.com,0,0,2
cbbpet.com,75,10,1
chinazcgf.com,0,0,3
ccutssw.com,0,0,2
cdcdjt.com,43,10,1
cautionlight.net,2,2,1
centrohipicobraga.com,1,1,1
chinatrademanager.com,1,1,1
cdjieshen.com,0,0,3
chinaleiyong.com,1,1,1
celebritiesfake.net,0,0,2
chanhengfaqi.com,1,1,1
cbzxzl.com,45,10,1
celebrityevent.net,0,0,2
chaoyebike.com,1,1,1
cfwxqt.com,6,6,1
ccaykj.com,2,2,1
conecrusher.net,0,0,2
chengyongju.com,2,2,1
carsrepossessed.com,1,1,1
cascadelandscape.net,1,1,1
chengzhao95511.com,0,0,2
cdsxsmm.com,4,4,1
coodew.com,0,0,2
canteve.net,1,1,1
cocomartini.com,0,0,2
cceslo.com,1,1,1
cgjiudian.com,1,1,1
cantonfairsc.com,0,0,3
cemobilephone.com,1,1,1
cambiochaco.com,1,1,1
chinesezhenghe.com,0,0,2
cakranetwork.com,1,1,1
bxh99.com,14,10,1
cdrpd.com,0,0,2
ccjqzl.com,0,0,3
cadsz.com,0,0,2
chandijia.com,1,1,1
cchengxindai.com,1,1,1
buxiugangguolvqi.com,1,1,1
cheaponlineflights.com,0,0,2
buyhua.net,2,2,1
bzcajc.com,4,4,1
buyshopnum1.com,0,0,4
buildyourownfleshlight.com,0,0,3
btxbzj.com,7,7,1
btsuperman.com,3,3,1
bresl.com,1,1,1
brianmichaelmarkpa.com,1,1,1
boyuaqp.com,0,0,4
ca6688.com,0,0,4
bst027.com,0,0,2
brazzerwap.com,1,1,1
boyscouttv.com,1,1,1
bqznjj.com,19,10,1
bongoos.com,1,1,1
bobibulang.com,2,2,1
bmcfsb.com,1,1,1
bosofc.com,0,0,3
boboskw.com,1,1,1
ccqnn.com,4,4,1
blyq0476.com,1,1,1
boliyy.com,0,0,3
boligang4434.com,30,10,1
blhx100.com,8,8,1
bjysxc.com,2,2,1
bjjxfqcgs.com,13,10,1
bjxinwuyi.com,0,0,3
bjxhstbxg.com,4,4,1
bjxc999.com,1,1,1
bjpekl.com,1,1,1
bjhuachengglass.com,2,2,1
bjzspycm.com,7,7,1
bismllc.com,1,1,1
bjrtky.com,0,0,2
bjhxygf.com,1,1,1
bostonacupuncturist.com,0,0,2
bjsuwei.net,1,1,1
bgneon.com,2,2,1
bjtuoda.com,114,10,2
bicylestyle.com,2,2,1
caminolibre.com,1,1,1
buckheadweddingflowers.com,1,1,1
bestpriceacai.com,0,0,2
bjdongfangyajie.com,5,5,1
bjqgbzmj.com,4,4,1
bestuggobootsoutlet.com,0,0,2
besserinformiert.net,1,1,1
bitflipgames.com,0,0,2
bjsyktyj.com,10,10,1
bdwxgs.com,5,5,1
beachballtv.com,1,1,1
beezk.com,2,2,1
beijinghuamei.com,0,0,2
beatsbydrehorlurar.com,0,0,2
bboybluesthemovie.com,2,2,1
berndesweddings.com,1,1,1
bgjjgs.com,57,10,1
bjxglkf.com,1,1,1
bbs0759.com,0,0,4
bc808.net,2,2,1
biaoyunyz.com,1,1,1
banbenkewenping.com,22,10,1
bighouse365.com,0,0,4
bigbrotherbb.com,1,1,1
bjyg88.com,4,4,1
bjyzht.com,0,0,3
baitmanbobbait.com,1,1,1
bjtongyin.com,2,2,1
balitonghua.com,16,10,1
baijiadaguoji.com,4,4,1
barclaysturningthecorner.com,2,2,1
baidu798.com,0,0,2
baiduwuxi.com,0,0,3
brazesr.com,1,1,1
ayy10086.com,1,1,1
baotafangzhi.com,64,10,1
baishenghz.com,0,0,3
baihecarpet.com,1,1,1
begoniawm.com,1,1,1
babakau.com,0,0,4
bestmichiganchiropractors.com,1,1,1
baileyglenn.com,1,1,1
astralexperiences.com,1,1,1
asjkm.com,2,2,1
bcthjx.com,1,1,1
asiseslim.com,1,1,1
awhsc888.com,2,2,1
awindengx.com,0,0,2
art999.net,1,1,1
bjymst.com,1,1,1
baiyangshanfood.com,0,0,2
audacitybyangelic.com,1,1,1
atsbellydance.com,1,1,1
aoizie.com,1,1,1
arenaconsultingservices.net,1,1,1
apps4linux.com,1,1,1
assuredcareers.com,1,1,1
appleissue.net,1,1,1
aqdongfang.com,55,10,1
anthorpologie.com,1,1,1
amuletcars.com,1,1,1
angelbaobei.com,0,0,2
astralprojectionguides.com,1,1,1
apjinzhen.com,26,10,1
aplchemical.com,0,0,2
androidtoitaly.com,0,0,2
altuh.com,0,0,4
amerginnovation.com,1,1,1
apcangqiong.com,36,10,1
albrechtkunkel.com,1,1,1
apocalypzetcg.com,1,1,1
allfic.com,1,1,1
anbcall.com,1,1,1
anheimy.com,1,1,1
altennotruf.com,1,1,1
alakailasercenter.com,2,2,1
akehqe.com,1,1,1
amaleads.com,1,1,1
anaphylaxistraining.com,1,1,1
ailafang.com,0,0,4
ahswwj.com,73,10,1
ahmrdl.com,14,10,1
aljs318.com,33,10,1
ali97.com,1,1,2
alishanfu.com,1,1,1
aidipcn.com,1,1,1
aerosmack.com,1,1,1
angelaapps.com,0,0,2
ailisitz.com,5,5,1
aijiasft.com,0,0,2
akiyoki.com,1,1,1
adsm567.com,0,0,3
antscome.com,0,0,4
akdz88.com,1,1,1
ahnmyb.com,3,3,1
ainixconsult.com,1,1,1
abc167.com,41,10,1
aid168fs.com,0,0,4
abercrombiemilanoiufficiale.com,0,0,2
95shentu.com,1,1,1
abouttucsonrealestate.com,1,1,1
9994js.com,1,1,1
7ukpf.com,0,0,2
9starcn.com,1,1,1
adamsofo.com,0,0,2
7x0y.com,0,0,2
99ro.net,760,10,3
925bookkeeping.com,1,1,1
aczsc.com,3,3,1
92tongc.com,0,0,2
750fen.com,2,2,1
78bang.com,1,1,1
520ghsy.com,0,0,2
amatergirlfriendvideo.com,0,0,2
51zgfm.com,0,0,2
900guide.com,3,3,1
86753211.com,12,10,1
73uuu.com,0,0,2
520condom.com,28,10,1
518zhishi.com,0,0,3
52ugou.com,1,1,1
52tiens.com,0,0,2
71e68.com,0,0,4
abbybennettdesign.com,1,1,1
56shentu.com,1,1,1
52nongjia.com,0,0,4
798nn.com,18,10,1
91whit.net,0,0,4
4006160133.net,3,3,1
45sword.com,1,1,1
5kkm.com,1,1,1
4399baijiale.com,1,1,1
43632.com,0,0,2
5a123.com,4,4,3
655vip.com,68,10,1
7tianchengjiaoke.com,3,3,1
898869530.com,3,3,1
88839178.com,0,0,2
623la.com,2,2,4
a2zdefinitions.com,2,2,1
630yy.net,1,1,1
928wo.com,0,0,3
361ww.com,0,0,3
365hhmm.com,0,0,3
365tieba.com,0,0,3
360xuangou.com,63,10,1
allairmax.com,0,0,2
2thinkers.net,5,5,1
77chengjiao.com,3,3,1
2tao99.com,5,5,1
7975000.com,7,7,1
8uvsyou.com,282,10,1
263dyy.com,11,10,5
70tj.com,1,1,1
51daopian.com,0,0,2
2cashway.com,1,1,1
5ajjw.com,2,2,1
2393ec148cf85817784e6f1866992b50.com,1,1,1
5959se.com,10,10,1
360icd.com,2,2,1
35yuanma.com,0,0,3
176qxw.com,0,0,4
458gdy.com,0,0,3
1kshi.com,0,0,2
966ce.com,2,2,1
58swt.com,2,2,1
17tqd.com,0,0,4
360foodie.com,2,2,1
18inn.com,0,0,3
61gongguan.com,1,1,1
365djb.com,3,3,1
123tcg.com,10,10,1
0431csy.com,3,3,1
0796che.com,2,2,1
1yu8.com,0,0,3
0371safa.com,1,1,1
0312dh.com,1,1,1
0769ywwj.com,0,0,2
10086ync.com,1,1,1
0735jlr.com,4,4,1
0519lccy.net,0,0,3
0537qq.com,1,1,1
3c3p.com,1,1,3
0577rc.net,4,4,1
0459fk.com,0,0,2
05zhibo.com,0,0,4
0917best.com,0,0,2
0543young.com,1,1,1
08hq.com,0,0,2
021waibao.com,0,0,3
rebcca.com,1,1,1
023xqw.com,4,4,2
547huo.com,1,1,1
2006com.com,0,0,3
051230.net,0,0,4
aa49aa.com,1,1,1
12580qq.net,1,1,1
0431bqgx.com,3,3,1
0818lmm.com,29,10,1
0719wczx.com,0,0,2
0516phone.com,0,0,2
raizkids.com,2,2,1
0523yimao.com,0,0,3
0596caiwu.com,0,0,2
rautube.com,1,1,1
2015msm88.com,1,1,1
radiativenz.com,0,0,2
qinhuangdaoseo.com,0,0,3
abapost.com,1,1,1
quanwangton.com,1,1,1
quartzpen.com,127,10,1
qstbxn.com,238,10,1
quanminka.com,0,0,2
qthzyxyxhyds.com,13,10,1
pumpgd.com,0,0,2
120zhuanyuan.com,3,3,1
pzoidse.com,2,2,1
qhdma.com,6,6,1
qcdjyowf.com,1,1,1
pymeinv.com,0,0,2
qinguanhua.com,4,4,1
16br.com,1,1,3
2qnailspa.com,2,2,1
qzxdzz.com,0,0,2
020bw.com,0,0,4
psbc8.com,1,1,1
qmclncp.com,4,4,1
qddianbohuishou.com,1,1,2
quanjf.com,1,1,1
qualityappliancewaitepark.net,1,1,1
1197741201.com,8,8,1
qqhuagong.com,1,1,1
qingaiyisheng.com,3,3,1
posjidl.com,1,1,1
quorumos.com,1,1,1
quanxingboli.com,1,1,1
railwayndt.com,1,1,1
qysh029.com,2,2,1
qqnengyuan.com,1,1,1
qhfeiting.com,6,6,1
proshotsimaging.com,1,1,1
ps1993.com,0,0,3
rdxasset.com,0,0,2
qlacg.com,0,0,2
poioise.com,1,1,1
praiseprint.com,1,1,1
qdlshaizheng.com,1,1,1
protectionsecuritysystems.com,1,1,1
queenasalah.com,0,0,2
plofficial.com,1,1,1
pipe168.com,0,0,2
porncliptv.com,1,1,1
prathkal.com,1,1,1
qdgsh.com,0,0,2
projectofplanets.com,0,0,3
pingdulvshi.com,0,0,2
pinglifang.com,16,10,1
proceedtocheckout.net,2,2,1
pingxiangche.com,5,5,1
pieronenightspot.com,1,1,1
phonegap.net,2,2,1
piaopiaolongwang.com,0,0,3
qdmbaedu.com,0,0,3
primahybrid.com,1,1,1
piaoliangnvhai.com,0,0,2
pinnaclewebsolutions.net,1,1,1
